Date,Price,Open,High,Low,Vol.,Change %
"Mar 11, 2021","122,15","122,42","123,12","121,31",56.38M,1.81%
"Mar 10, 2021","119,98","121,78","122,13","119,46",111.94M,-0.91%
"Mar 09, 2021","121,08","119,04","122,04","118,82",129.53M,4.06%
"Mar 08, 2021","116,36","120,98","120,98","116,21",154.38M,-4.17%
"Mar 05, 2021","121,42","120,98","121,93","117,57",153.77M,1.07%
"Mar 04, 2021","120,13","121,75","123,6","118,62",178.16M,-1.58%
"Mar 03, 2021","122,06","124,81","125,71","121,84",112.97M,-2.45%
"Mar 02, 2021","125,12","128,41","128,72","125,01",102.26M,-2.09%
"Mar 01, 2021","127,79","123,75","127,93","122,79",116.31M,5.39%
"Feb 26, 2021","121,26","122,59","124,85","121,2",164.56M,0.22%
"Feb 25, 2021","120,99","124,68","126,46","120,54",148.20M,-3.48%
"Feb 24, 2021","125,35","124,94","125,56","122,23",111.04M,-0.41%
"Feb 23, 2021","125,86","123,76","126,71","118,39",158.27M,-0.11%
"Feb 22, 2021",126,"128,01","129,72","125,6",103.92M,-2.98%
"Feb 19, 2021","129,87","130,24","130,71","128,8",87.67M,0.12%
"Feb 18, 2021","129,71","129,2","129,99","127,41",96.86M,-0.86%
"Feb 17, 2021","130,84","131,25","132,22","129,47",98.09M,-1.76%
"Feb 16, 2021","133,19","135,49","136,01","132,79",80.58M,-1.61%
"Feb 12, 2021","135,37","134,35","135,53","133,69",60.15M,0.18%
"Feb 11, 2021","135,13","135,9","136,39","133,77",64.28M,-0.19%
"Feb 10, 2021","135,39","136,48","136,99","134,4",73.05M,-0.46%
"Feb 09, 2021","136,01","136,62","137,88","135,85",76.77M,-0.66%
"Feb 08, 2021","136,91","136,03","136,96","134,92",71.30M,0.11%
"Feb 05, 2021","136,76","137,35","137,42","135,86",75.69M,-0.46%
"Feb 04, 2021","137,39","136,3","137,4","134,59",84.18M,2.58%
"Feb 03, 2021","133,94","135,76","135,77","133,61",89.88M,-0.78%
"Feb 02, 2021","134,99","135,73","136,31","134,61",83.31M,0.63%
"Feb 01, 2021","134,14","133,75","135,38","130,93",106.24M,1.65%
"Jan 29, 2021","131,96","135,83","136,74","130,21",177.52M,-3.74%
"Jan 28, 2021","137,09","139,52","141,99","136,7",142.62M,-3.50%
"Jan 27, 2021","142,06","143,43","144,3","140,41",140.84M,-0.77%
"Jan 26, 2021","143,16","143,6","144,3","141,37",98.39M,0.17%
"Jan 25, 2021","142,92","143,07","145,09","136,54",157.61M,2.77%
"Jan 22, 2021","139,07","136,28","139,85","135,02",114.46M,1.61%
"Jan 21, 2021","136,87","133,8","139,67","133,59",120.53M,3.67%
"Jan 20, 2021","132,03","128,66","132,49","128,55",104.32M,3.29%
"Jan 19, 2021","127,83","127,78","128,71","126,94",90.76M,0.54%
"Jan 15, 2021","127,14","128,78","130,22",127,111.60M,-1.37%
"Jan 14, 2021","128,91","130,8",131,"128,76",90.22M,-1.51%
"Jan 13, 2021","130,89","128,76","131,45","128,49",88.64M,1.62%
"Jan 12, 2021","128,8","128,5","129,69","126,86",91.95M,-0.14%
"Jan 11, 2021","128,98","129,19","130,17","128,5",100.62M,-2.32%
"Jan 08, 2021","132,05","132,43","132,63","130,23",105.16M,0.86%
"Jan 07, 2021","130,92","128,36","131,63","127,86",109.58M,3.41%
"Jan 06, 2021","126,6","127,72","131,05","126,38",155.09M,-3.37%
"Jan 05, 2021","131,01","128,89","131,74","128,43",97.67M,1.24%
"Jan 04, 2021","129,41","133,52","133,61","126,76",143.30M,-2.47%
"Dec 31, 2020","132,69","134,08","134,74","131,72",99.12M,-0.77%
"Dec 30, 2020","133,72","135,58","135,99","133,4",96.45M,-0.85%
"Dec 29, 2020","134,87","138,05","138,79","134,34",121.05M,-1.33%
"Dec 28, 2020","136,69","133,99","137,34","133,51",124.49M,3.58%
"Dec 24, 2020","131,97","131,32","133,46","131,1",54.93M,0.77%
"Dec 23, 2020","130,96","132,16","132,43","130,78",88.22M,-0.70%
"Dec 22, 2020","131,88","131,61","134,4","129,65",169.35M,2.85%
"Dec 21, 2020","128,23","125,02","128,31","123,45",121.25M,1.24%
"Dec 18, 2020","126,65","128,96","129,1","126,12",192.54M,-1.59%
"Dec 17, 2020","128,7","128,9","129,58","128,04",94.36M,0.70%
"Dec 16, 2020","127,81","127,41","128,37","126,56",98.21M,-0.05%
"Dec 15, 2020","127,88","124,34","127,9","124,13",157.57M,5.01%
"Dec 14, 2020","121,78","122,6","123,35","121,54",79.08M,-0.51%
"Dec 11, 2020","122,41","122,43","122,76","120,55",86.94M,-0.67%
"Dec 10, 2020","123,24","120,5","123,87","120,15",81.31M,1.20%
"Dec 09, 2020","121,78","124,53","125,95",121,115.09M,-2.09%
"Dec 08, 2020","124,38","124,37","124,98","123,09",82.23M,0.51%
"Dec 07, 2020","123,75","122,31","124,57","122,25",86.71M,1.23%
"Dec 04, 2020","122,25","122,6","122,86","121,52",78.26M,-0.56%
"Dec 03, 2020","122,94","123,52","123,78","122,21",78.97M,-0.11%
"Dec 02, 2020","123,08","122,02","123,37","120,89",89.00M,0.29%
"Dec 01, 2020","122,72","121,01","123,47","120,01",128.17M,3.08%
"Nov 30, 2020","119,05","116,97","120,97","116,81",169.41M,2.11%
"Nov 27, 2020","116,59","116,57","117,49","116,22",46.69M,0.48%
"Nov 25, 2020","116,03","115,55","116,75","115,17",76.50M,0.75%
"Nov 24, 2020","115,17","113,91","115,85","112,59",113.87M,1.16%
"Nov 23, 2020","113,85","117,18","117,62","113,75",127.96M,-2.97%
"Nov 20, 2020","117,34","118,64","118,77","117,29",73.60M,-1.10%
"Nov 19, 2020","118,64","117,59","119,06","116,81",74.11M,0.52%
"Nov 18, 2020","118,03","118,61","119,82",118,76.32M,-1.14%
"Nov 17, 2020","119,39","119,55","120,67","118,96",74.27M,-0.76%
"Nov 16, 2020","120,3","118,92","120,99","118,15",91.18M,0.87%
"Nov 13, 2020","119,26","119,44","119,67","117,87",81.69M,0.04%
"Nov 12, 2020","119,21","119,62","120,53","118,57",103.35M,-0.23%
"Nov 11, 2020","119,49","117,19","119,63","116,44",112.30M,3.04%
"Nov 10, 2020","115,97","115,55","117,59","114,13",138.02M,-0.30%
"Nov 09, 2020","116,32","120,5","121,99","116,05",154.52M,-2.00%
"Nov 06, 2020","118,69","118,32","119,2","116,13",114.46M,-0.29%
"Nov 05, 2020","119,03","117,95","119,62","116,87",126.39M,3.55%
"Nov 04, 2020","114,95","114,14","115,59","112,35",138.24M,4.08%
"Nov 03, 2020","110,44","109,66","111,49","108,73",107.62M,1.54%
"Nov 02, 2020","108,77","109,11","110,68","107,32",122.87M,-0.08%
"Oct 30, 2020","108,86","111,06","111,99","107,72",190.57M,-5.60%
"Oct 29, 2020","115,32","112,37","116,93","112,2",146.13M,3.71%
"Oct 28, 2020","111,2","115,05","115,43","111,1",143.94M,-4.63%
"Oct 27, 2020","116,6","115,49","117,28","114,54",92.28M,1.35%
"Oct 26, 2020","115,05","114,01","116,55","112,88",111.85M,0.01%
"Oct 23, 2020","115,04","116,39","116,55","114,28",82.57M,-0.61%
"Oct 22, 2020","115,75","117,45","118,04","114,59",101.99M,-0.96%
"Oct 21, 2020","116,87","116,67","118,71","116,45",89.95M,-0.54%
"Oct 20, 2020","117,51","116,2","118,98","115,63",124.42M,1.32%
"Oct 19, 2020","115,98","119,96","120,42","115,66",120.64M,-2.55%
"Oct 16, 2020","119,02","121,28","121,55","118,81",115.39M,-1.40%
"Oct 15, 2020","120,71","118,72","121,2","118,15",112.56M,-0.40%
"Oct 14, 2020","121,19",121,"123,03","119,62",151.06M,0.07%
"Oct 13, 2020","121,1","125,27","125,39","119,65",262.33M,-2.65%
"Oct 12, 2020","124,4","120,06","125,18","119,28",240.23M,6.35%
"Oct 09, 2020","116,97","115,28",117,"114,92",100.51M,1.74%
"Oct 08, 2020","114,97","116,25","116,4","114,59",83.48M,-0.10%
"Oct 07, 2020","115,08","114,62","115,55","114,13",96.85M,1.70%
"Oct 06, 2020","113,16","115,7","116,12","112,25",161.50M,-2.87%
"Oct 05, 2020","116,5","113,91","116,65","113,55",106.24M,3.08%
"Oct 02, 2020","113,02","112,89","115,37","112,22",144.71M,-3.23%
"Oct 01, 2020","116,79","117,64","117,72","115,83",116.12M,0.85%
"Sep 30, 2020","115,81","113,79","117,26","113,62",142.68M,1.51%
"Sep 29, 2020","114,09","114,55","115,31","113,57",100.06M,-0.76%
"Sep 28, 2020","114,96","115,01","115,32","112,78",137.67M,2.39%
"Sep 25, 2020","112,28","108,43","112,44","107,67",149.98M,3.75%
"Sep 24, 2020","108,22","105,17","110,25",105,167.74M,1.03%
"Sep 23, 2020","107,12","111,62","112,11","106,77",150.72M,-4.19%
"Sep 22, 2020","111,81","112,68","112,86","109,16",183.06M,1.57%
"Sep 21, 2020","110,08","104,54","110,19","103,1",195.71M,3.03%
"Sep 18, 2020","106,84","110,4","110,88","106,09",287.10M,-3.17%
"Sep 17, 2020","110,34","109,72","112,2","108,71",178.01M,-1.60%
"Sep 16, 2020","112,13","115,23",116,"112,04",155.03M,-2.95%
"Sep 15, 2020","115,54","118,33","118,83","113,61",184.64M,0.16%
"Sep 14, 2020","115,36","114,72","115,93","112,8",140.15M,3.00%
"Sep 11, 2020",112,"114,57","115,23",110,180.86M,-1.31%
"Sep 10, 2020","113,49","120,36","120,5","112,5",182.27M,-3.26%
"Sep 09, 2020","117,32","117,26","119,14","115,26",176.94M,3.99%
"Sep 08, 2020","112,82","113,95","118,99","112,68",231.37M,-6.73%
"Sep 04, 2020","120,96","120,07","123,7","110,89",332.61M,0.07%
"Sep 03, 2020","120,88","126,91","128,84","120,5",257.60M,-8.01%
"Sep 02, 2020","131,4","137,59","137,98",127,200.12M,-2.07%
"Sep 01, 2020","134,18","132,76","134,8","130,53",152.47M,3.98%
"Aug 31, 2020","129,04","127,58",131,126,225.70M,3.39%
"Aug 28, 2020","124,81","126,01","126,44","124,58",187.63M,-0.16%
"Aug 27, 2020","125,01","127,14","127,49","123,83",155.55M,-1.20%
"Aug 26, 2020","126,52","126,18","126,99","125,08",163.02M,1.36%
"Aug 25, 2020","124,82","124,7","125,18","123,05",211.50M,-0.82%
"Aug 24, 2020","125,86","128,7","128,79","123,94",345.94M,1.20%
"Aug 21, 2020","124,37","119,26","124,87","119,25",338.06M,5.15%
"Aug 20, 2020","118,28","115,75","118,39","115,73",126.91M,2.22%
"Aug 19, 2020","115,71","115,98","117,16","115,61",145.54M,0.13%
"Aug 18, 2020","115,56","114,35",116,"114,01",105.63M,0.83%
"Aug 17, 2020","114,61","116,06","116,09","113,96",119.56M,-0.26%
"Aug 14, 2020","114,91","114,83",115,"113,04",165.56M,-0.09%
"Aug 13, 2020","115,01","114,43","116,04","113,93",210.08M,1.77%
"Aug 12, 2020","113,01","110,5","113,28","110,3",165.94M,3.32%
"Aug 11, 2020","109,38","111,97","112,48","109,11",187.90M,-2.97%
"Aug 10, 2020","112,73","112,6","113,78",110,212.40M,1.45%
"Aug 07, 2020","111,11","113,21","113,68","110,29",198.05M,-2.45%
"Aug 06, 2020","113,9","110,4","114,41","109,8",202.43M,3.49%
"Aug 05, 2020","110,06","109,38","110,39","108,9",121.99M,0.36%
"Aug 04, 2020","109,67","109,13","110,79","108,39",172.79M,0.67%
"Aug 03, 2020","108,94","108,2","111,64","107,89",308.15M,2.52%
"Jul 31, 2020","106,26","102,88","106,42","100,82",374.30M,10.47%
"Jul 30, 2020","96,19","94,19","96,3","93,77",158.13M,1.21%
"Jul 29, 2020","95,04","93,75","95,23","93,71",90.33M,1.92%
"Jul 28, 2020","93,25","94,37","94,55","93,25",103.63M,-1.64%
"Jul 27, 2020","94,81","93,71","94,9","93,48",121.21M,2.37%
"Jul 24, 2020","92,61","90,99","92,97","89,14",185.44M,-0.25%
"Jul 23, 2020","92,85",97,"97,08","92,01",197.00M,-4.55%
"Jul 22, 2020","97,27","96,69","97,97","96,6",89.00M,0.28%
"Jul 21, 2020",97,"99,17","99,25","96,74",103.65M,-1.38%
"Jul 20, 2020","98,36","96,42","98,5","96,06",90.32M,2.11%
"Jul 17, 2020","96,33","96,99","97,15","95,84",92.19M,-0.20%
"Jul 16, 2020","96,52","96,56","97,4","95,9",110.58M,-1.23%
"Jul 15, 2020","97,72","98,99","99,25","96,49",153.20M,0.69%
"Jul 14, 2020","97,06","94,84","97,25","93,88",170.99M,1.65%
"Jul 13, 2020","95,48","97,26","99,96","95,26",191.65M,-0.46%
"Jul 10, 2020","95,92","95,33","95,98","94,71",90.26M,0.25%
"Jul 09, 2020","95,68","96,26","96,32","94,67",125.64M,0.36%
"Jul 08, 2020","95,34","94,18","95,38","94,09",117.09M,2.33%
"Jul 07, 2020","93,17","93,85","94,65","93,06",112.42M,-0.31%
"Jul 06, 2020","93,46","92,5","93,94","92,47",118.66M,2.68%
"Jul 02, 2020","91,03","91,96","92,62","90,91",114.04M,0.00%
"Jul 01, 2020","91,03","91,28","91,84","90,98",110.74M,-0.19%
"Jun 30, 2020","91,2","90,02","91,5",90,140.22M,0.83%
"Jun 29, 2020","90,44","88,31","90,54","87,82",130.65M,2.30%
"Jun 26, 2020","88,41","91,1","91,33","88,25",205.26M,-3.07%
"Jun 25, 2020","91,21","90,18","91,25","89,39",137.52M,1.33%
"Jun 24, 2020","90,01","91,25","92,2","89,63",192.62M,-1.77%
"Jun 23, 2020","91,63",91,"93,1","90,57",212.16M,2.13%
"Jun 22, 2020","89,72","87,83","89,86","87,79",135.44M,2.62%
"Jun 19, 2020","87,43","88,66","89,14","86,29",264.48M,-0.57%
"Jun 18, 2020","87,93","87,85","88,36","87,31",96.82M,0.04%
"Jun 17, 2020","87,9","88,79","88,85","87,77",114.41M,-0.14%
"Jun 16, 2020","88,02","87,86","88,3","86,18",165.43M,2.65%
"Jun 15, 2020","85,75","83,31","86,42","83,14",138.81M,1.24%
"Jun 12, 2020","84,7","86,18","86,95","83,56",200.15M,0.86%
"Jun 11, 2020","83,97","87,33","87,76","83,87",201.66M,-4.80%
"Jun 10, 2020","88,21","86,97","88,69","86,52",166.65M,2.57%
"Jun 09, 2020",86,"83,04","86,4",83,147.71M,3.16%
"Jun 08, 2020","83,36","82,56","83,4","81,83",95.66M,0.59%
"Jun 05, 2020","82,88","80,84","82,94","80,81",137.25M,2.85%
"Jun 04, 2020","80,58","81,1","81,4","80,19",87.56M,-0.86%
"Jun 03, 2020","81,28","81,17","81,55","80,57",104.49M,0.55%
"Jun 02, 2020","80,83","80,19","80,86","79,73",87.64M,0.46%
"Jun 01, 2020","80,46","79,44","80,59","79,3",81.02M,1.23%
"May 29, 2020","79,49","79,81","80,29","79,12",153.60M,-0.10%
"May 28, 2020","79,56","79,19","80,86","78,91",133.80M,0.04%
"May 27, 2020","79,53","79,04","79,68","78,27",112.95M,0.44%
"May 26, 2020","79,18","80,88","81,06","79,13",125.52M,-0.68%
"May 22, 2020","79,72","78,94","79,81","78,84",81.80M,0.64%
"May 21, 2020","79,21","79,67","80,22","78,97",102.69M,-0.75%
"May 20, 2020","79,81","79,17","79,88","79,05",111.51M,1.94%
"May 19, 2020","78,29","78,76","79,63","78,25",101.73M,-0.58%
"May 18, 2020","78,74","78,29","79,13","77,58",135.37M,2.36%
"May 15, 2020","76,93","75,09","76,97","75,05",166.35M,-0.59%
"May 14, 2020","77,39","76,13","77,45","75,38",158.93M,0.61%
"May 13, 2020","76,91","78,04","78,99","75,8",200.62M,-1.21%
"May 12, 2020","77,85","79,46","79,92","77,73",162.30M,-1.14%
"May 11, 2020","78,75","77,03","79,26","76,81",145.95M,1.57%
"May 08, 2020","77,53","76,41","77,59","76,07",134.05M,2.10%
"May 07, 2020","75,93","75,81","76,29","75,49",115.22M,1.03%
"May 06, 2020","75,16","75,11","75,81","74,72",142.33M,1.03%
"May 05, 2020","74,39","73,76","75,25","73,61",147.75M,1.50%
"May 04, 2020","73,29","72,29","73,42","71,58",133.57M,1.41%
"May 01, 2020","72,27","71,56","74,75","71,46",240.62M,-1.61%
"Apr 30, 2020","73,45","72,49","73,63","72,09",183.06M,2.11%
"Apr 29, 2020","71,93","71,18","72,42","70,97",137.28M,3.28%
"Apr 28, 2020","69,64","71,27","71,46","69,55",112.01M,-1.62%
"Apr 27, 2020","70,79","70,45","71,14","69,99",117.09M,0.07%
"Apr 24, 2020","70,74","69,3","70,75","69,25",126.51M,2.89%
"Apr 23, 2020","68,76","68,97","70,44","68,72",124.81M,-0.39%
"Apr 22, 2020","69,03","68,4","69,47","68,05",117.06M,2.88%
"Apr 21, 2020","67,09","69,07","69,31","66,36",180.99M,-3.09%
"Apr 20, 2020","69,23","69,49","70,42","69,21",130.02M,-2.08%
"Apr 17, 2020","70,7","71,17","71,74","69,21",215.25M,-1.36%
"Apr 16, 2020","71,67","71,85","72,05","70,59",157.12M,0.79%
"Apr 15, 2020","71,11","70,6","71,58","70,16",131.16M,-0.91%
"Apr 14, 2020","71,76",70,"72,06","69,51",195.00M,5.05%
"Apr 13, 2020","68,31","67,08","68,43","66,46",131.02M,1.96%
"Apr 09, 2020",67,"67,18","67,52","66,18",162.12M,0.72%
"Apr 08, 2020","66,52","65,68","66,84","65,31",168.90M,2.56%
"Apr 07, 2020","64,86","67,7","67,93","64,75",202.89M,-1.16%
"Apr 06, 2020","65,62","62,72","65,78","62,35",201.82M,8.72%
"Apr 03, 2020","60,35","60,7","61,42","59,74",129.88M,-1.44%
"Apr 02, 2020","61,23","60,08","61,29","59,22",165.93M,1.67%
"Apr 01, 2020","60,23","61,63","62,18","59,78",176.22M,-5.26%
"Mar 31, 2020","63,57","63,9","65,62",63,197.00M,-0.20%
"Mar 30, 2020","63,7","62,69","63,88","62,35",167.98M,2.85%
"Mar 27, 2020","61,94","63,19","63,97","61,76",204.22M,-4.14%
"Mar 26, 2020","64,61","61,63","64,67","61,59",252.56M,5.26%
"Mar 25, 2020","61,38","62,69","64,56","61,08",303.60M,-0.55%
"Mar 24, 2020","61,72","59,09","61,92","58,58",287.53M,10.03%
"Mar 23, 2020","56,09","57,02","57,12","53,15",336.75M,-2.12%
"Mar 20, 2020","57,31","61,79","62,96",57,401.69M,-6.35%
"Mar 19, 2020","61,19","61,85","63,21","60,65",271.86M,-0.77%
"Mar 18, 2020","61,67","59,94","62,5","59,28",300.23M,-2.45%
"Mar 17, 2020","63,22","61,88","64,4","59,6",324.06M,4.40%
"Mar 16, 2020","60,55","60,49","64,77",60,322.42M,-12.86%
"Mar 13, 2020","69,49","66,22","69,98","63,24",370.73M,11.98%
"Mar 12, 2020","62,06","63,99","67,5",62,418.47M,-9.88%
"Mar 11, 2020","68,86","69,35","70,31","67,96",256.38M,-3.47%
"Mar 10, 2020","71,33","69,29","71,61","67,34",285.29M,7.20%
"Mar 09, 2020","66,54","65,94","69,52","65,75",286.74M,-7.91%
"Mar 06, 2020","72,26","70,5","72,71","70,31",226.18M,-1.33%
"Mar 05, 2020","73,23","73,88","74,89","72,85",187.57M,-3.24%
"Mar 04, 2020","75,68","74,11","75,85","73,28",219.18M,4.64%
"Mar 03, 2020","72,33","75,92",76,"71,45",319.48M,-3.18%
"Mar 02, 2020","74,7","70,57","75,36","69,43",341.40M,9.31%
"Feb 28, 2020","68,34","64,32","69,6","64,09",426.88M,-0.06%
"Feb 27, 2020","68,38","70,28","71,5","68,24",320.61M,-6.54%
"Feb 26, 2020","73,16","71,63","74,47","71,63",198.71M,1.59%
"Feb 25, 2020","72,02","75,24","75,63","71,53",230.67M,-3.39%
"Feb 24, 2020","74,54","74,32","76,04","72,31",222.20M,-4.75%
"Feb 21, 2020","78,26","79,65","80,11","77,63",129.71M,-2.26%
"Feb 20, 2020","80,07","80,66","81,16","79,55",100.57M,-1.03%
"Feb 19, 2020","80,9",80,"81,14",80,93.98M,1.45%
"Feb 18, 2020","79,75","78,84","79,94","78,65",152.76M,-1.83%
"Feb 14, 2020","81,24","81,18","81,5","80,71",80.11M,0.02%
"Feb 13, 2020","81,22","81,05","81,56","80,84",94.75M,-0.71%
"Feb 12, 2020","81,8","80,37","81,81","80,37",113.73M,2.37%
"Feb 11, 2020","79,9","80,9","80,97","79,68",94.32M,-0.60%
"Feb 10, 2020","80,39","78,54","80,39","78,46",109.35M,0.47%
"Feb 07, 2020","80,01","80,59","80,85","79,5",117.68M,-1.59%
"Feb 06, 2020","81,3","80,64","81,31","80,07",105.43M,1.17%
"Feb 05, 2020","80,36","80,88","81,19","79,74",118.83M,0.82%
"Feb 04, 2020","79,71","78,83","79,91","78,41",136.62M,3.30%
"Feb 03, 2020","77,17","76,07","78,37","75,56",173.99M,-0.27%
"Jan 31, 2020","77,38","80,23","80,67","77,07",199.59M,-4.43%
"Jan 30, 2020","80,97","80,14","81,02","79,69",126.74M,-0.14%
"Jan 29, 2020","81,08","81,11","81,96","80,35",216.60M,2.09%
"Jan 28, 2020","79,42","78,15","79,6","78,05",162.23M,2.83%
"Jan 27, 2020","77,24","77,51","77,94","76,22",161.94M,-2.94%
"Jan 24, 2020","79,58","80,06","80,83","79,38",146.54M,-0.29%
"Jan 23, 2020","79,81","79,48","79,89","78,91",104.47M,0.48%
"Jan 22, 2020","79,43","79,64",80,"79,33",101.83M,0.36%
"Jan 21, 2020","79,14","79,3","79,75",79,110.84M,-0.68%
"Jan 17, 2020","79,68","79,07","79,68","78,75",137.82M,1.11%
"Jan 16, 2020","78,81","78,4","78,93","78,02",108.83M,1.25%
"Jan 15, 2020","77,83","77,96","78,88","77,39",121.92M,-0.43%
"Jan 14, 2020","78,17","79,18","79,39","78,04",162.61M,-1.35%
"Jan 13, 2020","79,24","77,91","79,27","77,79",122.09M,2.14%
"Jan 10, 2020","77,58","77,65","78,17","77,06",140.87M,0.23%
"Jan 09, 2020","77,41","76,81","77,61","76,55",170.49M,2.12%
"Jan 08, 2020","75,8","74,29","76,11","74,29",132.36M,1.61%
"Jan 07, 2020","74,6","74,96","75,22","74,37",111.51M,-0.47%
"Jan 06, 2020","74,95","73,45","74,99","73,19",118.58M,0.80%
"Jan 03, 2020","74,36","74,29","75,14","74,13",146.54M,-0.97%
"Jan 02, 2020","75,09","74,06","75,15","73,8",135.65M,2.28%
"Dec 31, 2019","73,41","72,48","73,42","72,38",100.99M,0.73%
"Dec 30, 2019","72,88","72,36","73,17","71,31",144.24M,0.59%
"Dec 27, 2019","72,45","72,78","73,49","72,03",146.37M,-0.04%
"Dec 26, 2019","72,48","71,21","72,5","71,18",93.34M,1.98%
"Dec 24, 2019","71,07","71,17","71,22","70,73",48.48M,0.10%
"Dec 23, 2019",71,"70,13","71,06","70,09",98.71M,1.63%
"Dec 20, 2019","69,86","70,56","70,66","69,64",276.13M,-0.21%
"Dec 19, 2019",70,"69,88","70,29","69,74",98.51M,0.10%
"Dec 18, 2019","69,93","69,95","70,47","69,78",116.10M,-0.24%
"Dec 17, 2019","70,1","69,89","70,44","69,7",114.30M,0.20%
"Dec 16, 2019","69,96","69,25","70,2","69,25",128.32M,1.71%
"Dec 13, 2019","68,79","67,86","68,82","67,73",133.73M,1.36%
"Dec 12, 2019","67,86","66,94","68,14","66,83",137.75M,0.25%
"Dec 11, 2019","67,69","67,2","67,78","67,13",78.89M,0.85%
"Dec 10, 2019","67,12","67,15","67,52","66,46",90.53M,0.58%
"Dec 09, 2019","66,73","67,5","67,7","66,23",128.73M,-1.40%
"Dec 06, 2019","67,68","66,87","67,75","66,82",106.19M,1.93%
"Dec 05, 2019","66,39","65,95","66,47","65,68",74.65M,1.47%
"Dec 04, 2019","65,43","65,27","65,83","65,17",67.24M,0.88%
"Dec 03, 2019","64,86","64,58","64,88","64,07",117.51M,-1.78%
"Dec 02, 2019","66,04","66,82","67,06","65,86",94.77M,-1.16%
"Nov 29, 2019","66,81","66,65",67,"66,47",46.62M,-0.22%
"Nov 27, 2019","66,96","66,39",67,"66,33",65.54M,1.34%
"Nov 26, 2019","66,07","66,74","66,79","65,63",105.34M,-0.78%
"Nov 25, 2019","66,59","65,68","66,61","65,63",84.12M,1.75%
"Nov 22, 2019","65,44","65,65","65,79","65,21",65.33M,-0.09%
"Nov 21, 2019","65,5","65,92",66,"65,29",121.40M,-0.45%
"Nov 20, 2019","65,8","66,39","66,52","65,1",106.44M,-1.16%
"Nov 19, 2019","66,57","66,97",67,"66,35",76.28M,-0.30%
"Nov 18, 2019","66,78","66,45","66,86","66,06",86.80M,0.50%
"Nov 15, 2019","66,44","65,92","66,44","65,75",100.38M,1.19%
"Nov 14, 2019","65,66","65,94","66,22","65,53",89.58M,-0.69%
"Nov 13, 2019","66,12","65,28","66,19","65,27",103.27M,0.96%
"Nov 12, 2019","65,49","65,39","65,7","65,23",87.39M,-0.09%
"Nov 11, 2019","65,55","64,57","65,62","64,57",82.03M,0.79%
"Nov 08, 2019","65,04","64,67","65,11","64,21",70.08M,0.27%
"Nov 07, 2019","64,86","64,68","65,09","64,53",94.94M,0.85%
"Nov 06, 2019","64,31","64,19","64,37","63,84",75.86M,0.04%
"Nov 05, 2019","64,28","64,26","64,55","64,08",79.90M,-0.14%
"Nov 04, 2019","64,38","64,33","64,46","63,85",103.27M,0.66%
"Nov 01, 2019","63,96","62,38","63,98","62,29",151.12M,2.84%
"Oct 31, 2019","62,19","61,81","62,29","59,31",139.16M,2.26%
"Oct 30, 2019","60,81","61,19","61,33","60,3",124.52M,-0.01%
"Oct 29, 2019","60,82","62,24","62,44","60,64",142.84M,-2.31%
"Oct 28, 2019","62,26","61,85","62,31","61,68",96.57M,1.00%
"Oct 25, 2019","61,65","60,79","61,68","60,72",73.48M,1.23%
"Oct 24, 2019","60,9","61,13","61,2","60,45",71.67M,0.16%
"Oct 23, 2019","60,79","60,53","60,81","60,31",79.73M,1.34%
"Oct 22, 2019","59,99","60,29","60,55","59,91",90.74M,-0.23%
"Oct 21, 2019","60,13","59,38","60,25","59,33",89.47M,1.73%
"Oct 18, 2019","59,1","58,65","59,4","58,57",97.51M,0.48%
"Oct 17, 2019","58,82","58,77","59,04","58,38",69.09M,0.39%
"Oct 16, 2019","58,59","58,34","58,81","58,3",77.15M,-0.40%
"Oct 15, 2019","58,83","59,1","59,41","58,72",92.16M,-0.23%
"Oct 14, 2019","58,97","58,72","59,53","58,67",97.65M,-0.14%
"Oct 11, 2019","59,05","58,24","59,41","58,08",167.96M,2.66%
"Oct 10, 2019","57,52","56,98","57,61","56,83",115.85M,1.35%
"Oct 09, 2019","56,76","56,76","56,95","56,41",76.12M,1.17%
"Oct 08, 2019","56,1","56,46","57,01","56,08",117.13M,-1.17%
"Oct 07, 2019","56,76","56,57","57,48","56,46",123.56M,0.02%
"Oct 04, 2019","56,75","56,41","56,87","55,97",139.02M,2.80%
"Oct 03, 2019","55,21","54,61","55,24","53,78",121.41M,0.85%
"Oct 02, 2019","54,74","55,76","55,9","54,48",143.07M,-2.51%
"Oct 01, 2019","56,15","56,27","57,06","56,05",144.75M,0.28%
"Sep 30, 2019","55,99","55,22","56,15","55,2",105.27M,2.35%
"Sep 27, 2019","54,71","55,13","55,24","54,32",101.45M,-0.49%
"Sep 26, 2019","54,97",55,"55,24","54,71",76.35M,-0.52%
"Sep 25, 2019","55,26","54,64","55,38","54,29",89.92M,1.54%
"Sep 24, 2019","54,42","55,26","55,62","54,3",125.74M,-0.48%
"Sep 23, 2019","54,68","54,74","54,96","54,41",77.68M,0.45%
"Sep 20, 2019","54,43","55,35","55,64","54,37",231.91M,-1.46%
"Sep 19, 2019","55,24","55,5","55,94","55,09",88.75M,-0.81%
"Sep 18, 2019","55,69","55,26","55,71","54,86",102.57M,0.94%
"Sep 17, 2019","55,17","54,99","55,21","54,78",73.55M,0.36%
"Sep 16, 2019","54,97","54,43","55,03","54,39",84.63M,0.53%
"Sep 13, 2019","54,69",55,"55,2","54,26",159.05M,-1.94%
"Sep 12, 2019","55,77","56,2","56,6","55,72",128.91M,-0.23%
"Sep 11, 2019","55,9","54,52","55,93","54,43",177.16M,3.18%
"Sep 10, 2019","54,17","53,47","54,19","52,93",127.11M,1.18%
"Sep 09, 2019","53,54","53,71","54,11","52,77",109.24M,0.43%
"Sep 06, 2019","53,31","53,51","53,6","53,13",77.45M,-0.01%
"Sep 05, 2019","53,32",53,"53,49","52,88",95.79M,1.96%
"Sep 04, 2019","52,3","52,1","52,37","51,83",76.87M,1.70%
"Sep 03, 2019","51,42","51,61","51,74","51,06",80.24M,-1.46%
"Aug 30, 2019","52,19","52,54","52,61","51,8",84.65M,-0.13%
"Aug 29, 2019","52,25","52,13","52,33","51,66",84.03M,1.69%
"Aug 28, 2019","51,38","51,03","51,43","50,83",63.83M,0.67%
"Aug 27, 2019","51,04","51,97","52,14","50,88",103.59M,-1.13%
"Aug 26, 2019","51,62","51,47","51,8","51,26",104.27M,1.90%
"Aug 23, 2019","50,66","52,36","53,01","50,25",187.53M,-4.62%
"Aug 22, 2019","53,12","53,3","53,61","52,69",89.07M,-0.08%
"Aug 21, 2019","53,16","53,25","53,41","52,9",86.26M,1.08%
"Aug 20, 2019","52,59","52,72","53,34","52,58",107.68M,0.00%
"Aug 19, 2019","52,59","52,65","53,18","52,51",97.73M,1.86%
"Aug 16, 2019","51,63","51,07","51,79","50,96",115.25M,2.36%
"Aug 15, 2019","50,44","50,87","51,28","49,92",111.53M,-0.50%
"Aug 14, 2019","50,69","50,79","51,61","50,65",146.19M,-2.98%
"Aug 13, 2019","52,24","50,26","53,03","50,21",190.16M,4.23%
"Aug 12, 2019","50,12","49,9","50,51","49,79",89.93M,-0.25%
"Aug 09, 2019","50,25","50,33","50,69","49,82",98.48M,-1.20%
"Aug 08, 2019","50,86","50,05","50,88","49,85",108.04M,2.21%
"Aug 07, 2019","49,76","48,85","49,89","48,46",133.46M,1.04%
"Aug 06, 2019","49,25","49,08","49,52","48,51",143.30M,1.89%
"Aug 05, 2019","48,33","49,5","49,66","48,15",209.57M,-5.23%
"Aug 02, 2019","51,01","51,38","51,61","50,41",163.45M,-2.12%
"Aug 01, 2019","52,11","53,47","54,51","51,69",216.07M,-2.16%
"Jul 31, 2019","53,26","54,1","55,34","52,83",277.12M,2.04%
"Jul 30, 2019","52,19","52,19","52,54","51,83",135.74M,-0.43%
"Jul 29, 2019","52,42","52,12","52,66","52,11",86.69M,0.93%
"Jul 26, 2019","51,94","51,87","52,43","51,78",70.48M,0.35%
"Jul 25, 2019","51,76","52,22","52,31","51,68",55.64M,-0.79%
"Jul 24, 2019","52,17","51,92","52,29","51,79",59.97M,-0.08%
"Jul 23, 2019","52,21","52,12","52,23","51,82",73.42M,0.78%
"Jul 22, 2019","51,81","50,91","51,81","50,9",89.11M,2.29%
"Jul 19, 2019","50,65","51,45","51,63","50,59",83.72M,-1.49%
"Jul 18, 2019","51,42",51,"51,47","50,92",74.33M,1.14%
"Jul 17, 2019","50,84","51,01","51,27","50,82",56.43M,-0.56%
"Jul 16, 2019","51,13","51,15","51,53","50,88",67.47M,-0.35%
"Jul 15, 2019","51,3","51,02","51,47",51,67.79M,0.94%
"Jul 12, 2019","50,83","50,61",51,"50,55",70.38M,0.77%
"Jul 11, 2019","50,44","50,83","51,1","50,43",80.77M,-0.73%
"Jul 10, 2019","50,81","50,46","50,93","50,39",71.59M,0.99%
"Jul 09, 2019","50,31","49,8","50,38","49,7",82.31M,0.61%
"Jul 08, 2019","50,01","50,2","50,35","49,6",101.36M,-2.06%
"Jul 05, 2019","51,06","50,84","51,27","50,72",69.06M,-0.09%
"Jul 03, 2019","51,1","50,82","51,11","50,67",45.45M,0.83%
"Jul 02, 2019","50,68","50,35","50,78","50,34",67.74M,0.59%
"Jul 01, 2019","50,39","50,79","51,12","50,16",109.27M,1.83%
"Jun 28, 2019","49,48","49,67","49,87","49,26",124.44M,-0.91%
"Jun 27, 2019","49,94","50,07","50,39","49,89",83.60M,-0.03%
"Jun 26, 2019","49,95","49,44","50,25","49,34",104.27M,2.16%
"Jun 25, 2019","48,89","49,61","49,81","48,82",84.28M,-1.52%
"Jun 24, 2019","49,65","49,63","50,04","49,54",72.88M,-0.10%
"Jun 21, 2019","49,69","49,7","50,21","49,54",191.20M,-0.34%
"Jun 20, 2019","49,87","50,09","50,15","49,51",86.06M,0.80%
"Jun 19, 2019","49,47","49,92","49,97","49,33",84.50M,-0.29%
"Jun 18, 2019","49,61","49,01","50,07","48,8",106.20M,2.35%
"Jun 17, 2019","48,47","48,22","48,74","48,04",58.68M,0.60%
"Jun 14, 2019","48,19","47,89","48,4","47,58",75.05M,-0.73%
"Jun 13, 2019","48,54","48,67","49,2","48,4",86.70M,-0.02%
"Jun 12, 2019","48,55","48,49","48,99","48,35",73.01M,-0.32%
"Jun 11, 2019","48,7","48,72",49,"48,4",107.73M,1.16%
"Jun 10, 2019","48,15","47,95","48,84","47,9",104.88M,1.28%
"Jun 07, 2019","47,54","46,63","47,98","46,44",122.74M,2.66%
"Jun 06, 2019","46,31","45,77","46,37","45,54",90.11M,1.47%
"Jun 05, 2019","45,63","46,07","46,25","45,28",119.09M,1.61%
"Jun 04, 2019","44,91","43,86","44,96","43,63",123.87M,3.66%
"Jun 03, 2019","43,33","43,9","44,48","42,57",161.58M,-1.01%
"May 31, 2019","43,77","44,06","44,5","43,75",108.17M,-1.81%
"May 30, 2019","44,58","44,49","44,81","44,17",84.87M,0.52%
"May 29, 2019","44,35","44,1","44,84",44,113.93M,-0.48%
"May 28, 2019","44,56","44,73","45,15","44,48",111.79M,-0.41%
"May 24, 2019","44,74","45,05","45,53","44,65",94.86M,-0.38%
"May 23, 2019","44,92","44,95","45,13","44,45",146.12M,-1.71%
"May 22, 2019","45,69","46,17","46,43","45,64",118.99M,-2.05%
"May 21, 2019","46,65","46,31",47,"46,17",113.46M,1.92%
"May 20, 2019","45,77","45,88","46,09","45,07",154.45M,-3.13%
"May 17, 2019","47,25","46,73","47,72","46,69",131.52M,-0.57%
"May 16, 2019","47,52","47,48","48,12","47,21",132.13M,-0.44%
"May 15, 2019","47,73","46,57","47,94","46,51",106.18M,1.20%
"May 14, 2019","47,17","46,6","47,42","46,35",146.12M,1.58%
"May 13, 2019","46,43","46,93","47,37","45,71",229.72M,-5.81%
"May 10, 2019","49,29","49,35","49,71","48,19",164.84M,-1.76%
"May 09, 2019","50,18","50,1","50,42","49,17",139.63M,-1.07%
"May 08, 2019","50,72","50,47","51,33","50,44",105.36M,0.02%
"May 07, 2019","50,72","51,47","51,85","50,21",155.06M,-2.70%
"May 06, 2019","52,12","51,07","52,21","50,88",129.77M,-1.54%
"May 03, 2019","52,94","52,72","52,96","52,56",83.57M,1.24%
"May 02, 2019","52,29","52,46","53,16","52,03",127.99M,-0.65%
"May 01, 2019","52,63","52,47","53,83","52,31",259.31M,4.91%
"Apr 30, 2019","50,17","50,76","50,85","49,78",186.14M,-1.93%
"Apr 29, 2019","51,15","51,1","51,49","50,97",88.82M,0.15%
"Apr 26, 2019","51,08","51,22","51,25","50,53",74.60M,-0.48%
"Apr 25, 2019","51,32","51,71","51,94","51,28",74.17M,-0.91%
"Apr 24, 2019","51,79","51,84","52,12","51,76",70.16M,-0.15%
"Apr 23, 2019","51,87","51,11","51,94","50,97",93.29M,1.44%
"Apr 22, 2019","51,13","50,71","51,24","50,58",77.76M,0.33%
"Apr 18, 2019","50,97","50,78","51,04","50,63",96.78M,0.36%
"Apr 17, 2019","50,78","49,88","50,85","49,65",115.63M,1.95%
"Apr 16, 2019","49,81","49,87","50,34","49,64",102.79M,0.01%
"Apr 15, 2019","49,81","49,65","49,96","49,5",70.15M,0.18%
"Apr 12, 2019","49,72","49,8","50,03","49,05",111.04M,-0.04%
"Apr 11, 2019","49,74","50,21","50,25","49,61",83.60M,-0.83%
"Apr 10, 2019","50,15","49,67","50,19","49,54",86.78M,0.56%
"Apr 09, 2019","49,88","50,08","50,71","49,81",143.07M,-0.30%
"Apr 08, 2019","50,03","49,1","50,06","49,08",103.53M,1.57%
"Apr 05, 2019","49,25","49,11","49,28","48,98",74.11M,0.67%
"Apr 04, 2019","48,92","48,7","49,09","48,28",76.46M,0.17%
"Apr 03, 2019","48,84","48,31","49,13","48,29",93.09M,0.69%
"Apr 02, 2019","48,51","47,77","48,62","47,76",91.06M,1.45%
"Apr 01, 2019","47,81","47,91","47,92","47,1",111.45M,0.68%
"Mar 29, 2019","47,49","47,46","47,52","47,13",94.26M,0.65%
"Mar 28, 2019","47,18","47,24","47,39","46,88",83.12M,0.13%
"Mar 27, 2019","47,12","47,19","47,44","46,64",119.39M,0.90%
"Mar 26, 2019","46,7","47,92","48,22","46,15",199.20M,-1.03%
"Mar 25, 2019","47,19","47,88","47,99","46,65",175.38M,-1.21%
"Mar 22, 2019","47,76","48,83","49,42","47,69",169.63M,-2.07%
"Mar 21, 2019","48,77","47,51","49,08","47,45",204.14M,3.68%
"Mar 20, 2019","47,04","46,56","47,37","46,18",124.14M,0.87%
"Mar 19, 2019","46,63","47,09","47,25","46,48",126.59M,-0.79%
"Mar 18, 2019","47,01","46,45","47,1","46,45",104.88M,1.02%
"Mar 15, 2019","46,53","46,21","46,83","45,94",156.17M,1.30%
"Mar 14, 2019","45,93","45,97","46,03","45,64",94.32M,1.11%
"Mar 13, 2019","45,43","45,56","45,83","45,23",124.13M,0.44%
"Mar 12, 2019","45,23",45,"45,67","44,84",129.87M,1.12%
"Mar 11, 2019","44,72","43,87","44,78","43,84",128.04M,3.46%
"Mar 08, 2019","43,23","42,58","43,27","42,38",96.00M,0.24%
"Mar 07, 2019","43,13","43,47","43,61","43,01",99.19M,-1.16%
"Mar 06, 2019","43,63","43,67","43,87","43,49",83.24M,-0.58%
"Mar 05, 2019","43,88","43,99",44,"43,63",78.95M,-0.18%
"Mar 04, 2019","43,96","43,92","44,44","43,49",109.75M,0.50%
"Mar 01, 2019","43,74","43,57","43,79","43,22",103.55M,1.05%
"Feb 28, 2019","43,29","43,58","43,73","43,23",112.86M,-0.98%
"Feb 27, 2019","43,72","43,3","43,75","43,18",111.34M,0.31%
"Feb 26, 2019","43,58","43,43","43,83","43,29",68.28M,0.06%
"Feb 25, 2019","43,56","43,54","43,97","43,49",87.49M,0.73%
"Feb 22, 2019","43,24","42,9","43,25","42,85",75.65M,1.12%
"Feb 21, 2019","42,76","42,95","43,09","42,58",69.00M,-0.56%
"Feb 20, 2019","43,01","42,8","43,33","42,75",104.46M,0.64%
"Feb 19, 2019","42,73","42,43","42,86","42,37",75.89M,0.30%
"Feb 15, 2019","42,6","42,81","42,92","42,44",98.51M,-0.22%
"Feb 14, 2019","42,7","42,43","42,82","42,35",87.34M,0.36%
"Feb 13, 2019","42,54","42,85","43,12","42,48",89.96M,-0.42%
"Feb 12, 2019","42,72","42,53","42,75","42,42",89.13M,0.86%
"Feb 11, 2019","42,36","42,76","42,8","42,31",83.97M,-0.58%
"Feb 08, 2019","42,6","42,25","42,67","42,1",95.28M,-0.31%
"Feb 07, 2019","42,74","43,1","43,49","42,58",126.97M,-1.89%
"Feb 06, 2019","43,56","43,66","43,89","43,21",112.96M,0.03%
"Feb 05, 2019","43,54","43,22","43,77","43,09",144.41M,1.71%
"Feb 04, 2019","42,81","41,85","42,91","41,82",125.98M,2.84%
"Feb 01, 2019","41,63","41,74","42,24","41,48",130.67M,0.05%
"Jan 31, 2019","41,61","41,53","42,25","41,14",162.96M,0.72%
"Jan 30, 2019","41,31","40,81","41,54","40,06",244.44M,6.83%
"Jan 29, 2019","38,67","39,06","39,53","38,53",166.35M,-1.04%
"Jan 28, 2019","39,08","38,95","39,08","38,42",104.77M,-0.93%
"Jan 25, 2019","39,44","38,87","39,53","38,58",134.19M,3.31%
"Jan 24, 2019","38,17","38,53","38,62","37,94",101.77M,-0.79%
"Jan 23, 2019","38,48","38,54","38,78","37,92",92.52M,0.40%
"Jan 22, 2019","38,33","39,1","39,18","38,15",121.58M,-2.24%
"Jan 18, 2019","39,21","39,38","39,47",39,135.00M,0.62%
"Jan 17, 2019","38,97","38,55","39,42","38,31",119.29M,0.59%
"Jan 16, 2019","38,74","38,27","38,97","38,25",122.28M,1.22%
"Jan 15, 2019","38,27","37,57","38,35","37,51",114.84M,2.05%
"Jan 14, 2019","37,5","37,71","37,82","37,31",129.76M,-1.50%
"Jan 11, 2019","38,07","38,22","38,42","37,88",108.09M,-0.98%
"Jan 10, 2019","38,45","38,13","38,49","37,72",143.12M,0.32%
"Jan 09, 2019","38,33","37,82","38,63","37,41",180.40M,1.70%
"Jan 08, 2019","37,69","37,39","37,96","37,13",164.10M,1.91%
"Jan 07, 2019","36,98","37,17","37,21","36,47",219.11M,-0.22%
"Jan 04, 2019","37,06","36,13","37,14","35,95",234.43M,4.27%
"Jan 03, 2019","35,55","35,99","36,43","35,5",365.25M,-9.96%
"Jan 02, 2019","39,48","38,72","39,71","38,56",148.16M,0.11%
"Dec 31, 2018","39,44","39,63","39,84","39,12",140.01M,0.97%
"Dec 28, 2018","39,06","39,38","39,63","38,64",169.17M,0.05%
"Dec 27, 2018","39,04","38,96","39,19","37,52",212.47M,-0.65%
"Dec 26, 2018","39,29","37,08","39,31","36,68",234.33M,7.04%
"Dec 24, 2018","36,71","37,04","37,89","36,65",148.68M,-2.59%
"Dec 21, 2018","37,68","39,22","39,54","37,41",382.98M,-3.89%
"Dec 20, 2018","39,21","40,1","40,53","38,83",259.09M,-2.52%
"Dec 19, 2018","40,22","41,5","41,86","39,77",196.19M,-3.12%
"Dec 18, 2018","41,52","41,35","41,88","41,1",135.37M,1.30%
"Dec 17, 2018","40,99","41,36","42,09","40,68",177.15M,-0.93%
"Dec 14, 2018","41,37","42,25","42,27","41,32",162.82M,-3.20%
"Dec 13, 2018","42,74","42,62","43,14","42,39",127.59M,1.09%
"Dec 12, 2018","42,28","42,6","42,98","42,26",142.51M,0.28%
"Dec 11, 2018","42,16","42,92","42,95","41,75",189.13M,-0.57%
"Dec 10, 2018","42,4","41,25","42,52","40,83",248.10M,0.66%
"Dec 07, 2018","42,12","43,37","43,62","42,08",169.13M,-3.57%
"Dec 06, 2018","43,68","42,94","43,69","42,6",172.39M,-1.11%
"Dec 04, 2018","44,17","45,24","45,6","44,07",165.38M,-4.40%
"Dec 03, 2018","46,21","46,12","46,24","45,3",163.19M,3.49%
"Nov 30, 2018","44,65","45,07","45,08","44,26",158.13M,-0.54%
"Nov 29, 2018","44,89","45,67","45,7","44,42",167.08M,-0.77%
"Nov 28, 2018","45,24","44,18","45,32","43,73",184.25M,3.85%
"Nov 27, 2018","43,56","42,88","43,69","42,72",165.55M,-0.23%
"Nov 26, 2018","43,66","43,56","43,74","42,56",179.99M,1.37%
"Nov 23, 2018","43,07","43,73","44,15","43,02",94.50M,-2.56%
"Nov 21, 2018","44,2","44,93","45,07","44,14",124.50M,-0.09%
"Nov 20, 2018","44,24","44,59","45,37","43,88",271.30M,-4.80%
"Nov 19, 2018","46,47","47,5","47,67","46,25",167.68M,-3.95%
"Nov 16, 2018","48,38","47,62","48,74","47,37",147.71M,1.11%
"Nov 15, 2018","47,85","47,1","47,99","46,73",185.92M,2.46%
"Nov 14, 2018","46,7","48,48","48,62","46,48",243.20M,-2.83%
"Nov 13, 2018","48,06","47,91","49,3","47,86",187.53M,-0.99%
"Nov 12, 2018","48,54","49,75","49,96","48,45",204.54M,-5.05%
"Nov 09, 2018","51,12","51,39","51,5","50,56",137.46M,-1.92%
"Nov 08, 2018","52,12","52,49","52,53","51,69",101.45M,-0.70%
"Nov 07, 2018","52,49","51,49","52,52","51,03",133.70M,3.04%
"Nov 06, 2018","50,94","50,48","51,18","50,42",127.53M,1.07%
"Nov 05, 2018","50,4","51,08","51,1","49,54",264.65M,-2.83%
"Nov 02, 2018","51,87","52,39","53,41","51,36",365.31M,-6.62%
"Nov 01, 2018","55,55","54,76","55,59","54,2",233.29M,1.52%
"Oct 31, 2018","54,72","54,22","55,11","54,16",153.44M,2.61%
"Oct 30, 2018","53,33","52,79","53,8","52,32",146.64M,0.51%
"Oct 29, 2018","53,06","54,8","54,92","51,52",183.74M,-1.89%
"Oct 26, 2018","54,08","53,98","55,05","53,17",189.03M,-1.58%
"Oct 25, 2018","54,95","54,43","55,34","54,19",119.42M,2.19%
"Oct 24, 2018","53,77","55,65","56,06","53,63",163.70M,-3.43%
"Oct 23, 2018","55,68","53,96","55,81","53,67",155.07M,0.94%
"Oct 22, 2018","55,16","54,95","55,84","54,73",115.17M,0.60%
"Oct 19, 2018","54,83","54,52","55,31","54,36",132.31M,1.52%
"Oct 18, 2018","54,01","54,47","54,94","53,25",130.33M,-2.33%
"Oct 17, 2018","55,3","55,58","55,66","54,84",91.54M,-0.43%
"Oct 16, 2018","55,54","54,73","55,75","54,19",116.74M,2.21%
"Oct 15, 2018","54,34","55,29","55,46","54,32",123.16M,-2.14%
"Oct 12, 2018","55,53","55,1","55,72","54,21",161.35M,3.58%
"Oct 11, 2018","53,61","53,63","54,88","53,08",212.50M,-0.89%
"Oct 10, 2018","54,09","56,37","56,59","54,01",167.96M,-4.64%
"Oct 09, 2018","56,72","55,91","56,82","55,56",107.56M,1.39%
"Oct 08, 2018","55,94","55,55","56,2","55,05",118.66M,-0.23%
"Oct 05, 2018","56,07","56,99","57,1","55,15",134.32M,-1.63%
"Oct 04, 2018",57,"57,7","58,09","56,68",128.17M,-1.76%
"Oct 03, 2018","58,02","57,51","58,37","57,45",114.62M,1.22%
"Oct 02, 2018","57,32","56,81","57,5","56,66",99.15M,0.90%
"Oct 01, 2018","56,81","56,99","57,35","56,59",94.40M,0.66%
"Sep 28, 2018","56,44","56,2","56,46","56,01",91.72M,0.36%
"Sep 27, 2018","56,24","55,95","56,61","55,88",120.72M,2.07%
"Sep 26, 2018","55,1","55,25","55,94","54,94",95.94M,-0.81%
"Sep 25, 2018","55,55","54,94","55,7","54,92",98.22M,0.63%
"Sep 24, 2018","55,2","54,2","55,31","54,16",110.77M,1.45%
"Sep 21, 2018","54,41","55,2","55,34","54,32",384.99M,-1.09%
"Sep 20, 2018","55,01","55,06","55,57","54,79",106.44M,0.77%
"Sep 19, 2018","54,59","54,62","54,91","53,83",108.50M,0.05%
"Sep 18, 2018","54,56","54,45","55,46","54,28",126.29M,0.17%
"Sep 17, 2018","54,47","55,54","55,74","54,32",148.78M,-2.66%
"Sep 14, 2018","55,96","56,44","56,71","55,63",128.00M,-1.13%
"Sep 13, 2018","56,6","55,88","57,09","55,64",166.83M,2.41%
"Sep 12, 2018","55,27","56,23","56,25","54,96",197.11M,-1.23%
"Sep 11, 2018","55,96","54,5","56,07","54,14",143.00M,2.53%
"Sep 10, 2018","54,58","55,24","55,46","54,12",158.07M,-1.36%
"Sep 07, 2018","55,33","55,46","56,34","55,18",150.48M,-0.79%
"Sep 06, 2018","55,77","56,56","56,84","55,33",137.16M,-1.67%
"Sep 05, 2018","56,72","57,25","57,42","56,27",133.33M,-0.65%
"Sep 04, 2018","57,09","57,1","57,3","56,66",109.56M,0.32%
"Aug 31, 2018","56,91","56,63","57,22","56,5",173.36M,1.16%
"Aug 30, 2018","56,26","55,81","57,06","55,6",195.18M,0.93%
"Aug 29, 2018","55,74","55,04","55,87","54,85",109.02M,1.49%
"Aug 28, 2018","54,92","54,75","55,13","54,73",91.11M,0.81%
"Aug 27, 2018","54,48","54,29","54,69","54,08",82.10M,0.81%
"Aug 24, 2018","54,04","54,15","54,23","53,78",73.91M,0.32%
"Aug 23, 2018","53,87","53,66","54,26","53,65",75.53M,0.20%
"Aug 22, 2018","53,76","53,52","54,09","53,46",76.07M,0.00%
"Aug 21, 2018","53,76","54,2","54,3","53,51",104.64M,-0.20%
"Aug 20, 2018","53,87","54,52","54,8","53,78",121.15M,-0.97%
"Aug 17, 2018","54,4","53,36","54,49","53,29",141.71M,2.01%
"Aug 16, 2018","53,33","52,94","53,45","52,87",114.00M,1.46%
"Aug 15, 2018","52,56","52,3","52,69","52,08",115.23M,0.23%
"Aug 14, 2018","52,44","52,54","52,64","52,06",82.99M,0.42%
"Aug 13, 2018","52,22","51,92","52,74","51,92",103.56M,0.66%
"Aug 10, 2018","51,88","51,84","52,27","51,67",98.44M,-0.65%
"Aug 09, 2018","52,22","51,82","52,45","51,8",93.97M,0.79%
"Aug 08, 2018","51,81","51,51","51,95","51,13",90.10M,0.06%
"Aug 07, 2018","51,78","52,33","52,38","51,69",102.35M,-0.94%
"Aug 06, 2018","52,27",52,"52,31","51,77",101.70M,0.52%
"Aug 03, 2018",52,"51,76","52,19","51,37",133.79M,0.29%
"Aug 02, 2018","51,85","50,15","52,09","50,09",249.62M,2.92%
"Aug 01, 2018","50,38","49,78","50,44","49,33",271.74M,5.91%
"Jul 31, 2018","47,57","47,58","48,03","47,34",157.49M,0.19%
"Jul 30, 2018","47,48","47,98","48,05","47,27",84.12M,-0.54%
"Jul 27, 2018","47,74","48,75","48,8","47,52",96.10M,-1.67%
"Jul 26, 2018","48,55","48,65","48,99","48,4",76.30M,-0.31%
"Jul 25, 2018","48,7","48,27","48,71","48,11",67.31M,0.93%
"Jul 24, 2018","48,25","48,11","48,42","48,01",74.79M,0.73%
"Jul 23, 2018","47,9","47,67","47,99","47,39",63.96M,0.08%
"Jul 20, 2018","47,86","47,95","48,11","47,54",82.82M,-0.23%
"Jul 19, 2018","47,97","47,42","48,14","47,42",81.15M,0.78%
"Jul 18, 2018","47,6","47,95","47,95","47,48",65.57M,-0.54%
"Jul 17, 2018","47,86","47,44","47,97","47,3",62.14M,0.27%
"Jul 16, 2018","47,73","47,88","48,16","47,6",60.17M,-0.21%
"Jul 13, 2018","47,83","47,77","47,96","47,73",50.08M,0.15%
"Jul 12, 2018","47,76","47,38","47,85","47,33",72.16M,1.68%
"Jul 11, 2018","46,97","47,12","47,44","46,9",75.33M,-1.30%
"Jul 10, 2018","47,59","47,68","47,82","47,55",63.76M,-0.13%
"Jul 09, 2018","47,65","47,38","47,67","47,33",79.03M,1.40%
"Jul 06, 2018","46,99","46,35","47,11","46,3",69.94M,1.38%
"Jul 05, 2018","46,35","46,31","46,6","46,07",66.42M,0.80%
"Jul 03, 2018","45,98","46,95","46,99","45,88",55.82M,-1.75%
"Jul 02, 2018","46,8","45,95","46,83","45,85",70.93M,1.12%
"Jun 29, 2018","46,28","46,57","46,8","45,73",90.95M,-0.22%
"Jun 28, 2018","46,38","46,02","46,55","45,95",69.46M,0.74%
"Jun 27, 2018","46,04","46,31","46,82","46,01",101.14M,-0.15%
"Jun 26, 2018","46,11","45,75","46,63","45,63",98.28M,1.25%
"Jun 25, 2018","45,54","45,85","46,23","45,18",126.65M,-1.49%
"Jun 22, 2018","46,23","46,53","46,54","46,17",108.80M,-0.30%
"Jun 21, 2018","46,37","46,81","47,09","46,23",102.85M,-0.54%
"Jun 20, 2018","46,62","46,59","46,8","46,43",82.51M,0.43%
"Jun 19, 2018","46,42","46,28","46,58","45,86",134.31M,-1.63%
"Jun 18, 2018","47,19","46,97","47,3","46,8",73.94M,-0.04%
"Jun 15, 2018","47,21","47,51","47,54","47,06",246.88M,-1.03%
"Jun 14, 2018","47,7","47,89","47,89","47,55",86.44M,0.06%
"Jun 13, 2018","47,67","48,1","48,22","47,61",86.55M,-0.83%
"Jun 12, 2018","48,07","47,85","48,15","47,79",67.64M,0.54%
"Jun 11, 2018","47,81","47,84","47,99","47,55",73.23M,-0.23%
"Jun 08, 2018","47,92","47,79",48,"47,44",106.63M,-0.93%
"Jun 07, 2018","48,37","48,53","48,55","48,08",85.39M,-0.25%
"Jun 06, 2018","48,49","48,41","48,52","47,98",83.73M,0.33%
"Jun 05, 2018","48,33","48,27","48,48","48,09",86.26M,0.77%
"Jun 04, 2018","47,96","47,91","48,35","47,84",105.06M,0.84%
"Jun 01, 2018","47,56",47,"47,56","46,94",93.77M,1.80%
"May 31, 2018","46,72","46,8","47,06","46,53",109.93M,-0.34%
"May 30, 2018","46,88","46,93",47,"46,7",74.76M,-0.21%
"May 29, 2018","46,98","46,9","47,19","46,72",90.06M,-0.36%
"May 25, 2018","47,15","47,06","47,41","46,91",69.84M,0.23%
"May 24, 2018","47,04","47,19","47,21","46,55",92.94M,-0.11%
"May 23, 2018","47,09","46,59","47,12","46,44",80.23M,0.64%
"May 22, 2018","46,79","47,09","47,22","46,7",60.96M,-0.26%
"May 21, 2018","46,91",47,"47,32","46,73",73.60M,0.71%
"May 18, 2018","46,58","46,8","46,95","46,53",73.19M,-0.36%
"May 17, 2018","46,75",47,"47,23","46,59",69.18M,-0.64%
"May 16, 2018","47,05","46,52","47,12","46,5",76.73M,0.94%
"May 15, 2018","46,61","46,7","46,77","46,27",94.78M,-0.91%
"May 14, 2018","47,04","47,25","47,38","46,97",83.12M,-0.23%
"May 11, 2018","47,15","47,37","47,52","46,86",104.85M,-0.76%
"May 10, 2018","47,51","46,94","47,59","46,91",111.96M,1.43%
"May 09, 2018","46,84","46,64","46,85","46,3",92.84M,0.71%
"May 08, 2018","46,51","46,25","46,55","45,92",113.61M,0.48%
"May 07, 2018","46,29","46,3","46,92","46,19",169.81M,0.72%
"May 04, 2018","45,96","44,56","46,06","44,54",224.81M,3.93%
"May 03, 2018","44,22","43,97","44,38","43,61",136.27M,0.18%
"May 02, 2018","44,14","43,81","44,44","43,45",266.16M,4.42%
"May 01, 2018","42,27","41,6","42,3","41,32",214.28M,2.32%
"Apr 30, 2018","41,31","40,53","41,81","40,46",169.71M,1.80%
"Apr 27, 2018","40,58",41,"41,08","40,16",142.62M,-1.14%
"Apr 26, 2018","41,05","41,03","41,43","40,84",111.85M,0.34%
"Apr 25, 2018","40,91","40,66","41,35","40,6",113.53M,0.44%
"Apr 24, 2018","40,73","41,42","41,58","40,31",134.77M,-1.40%
"Apr 23, 2018","41,31","41,71","41,73","41,02",146.06M,-0.29%
"Apr 20, 2018","41,43","42,65","42,8","41,36",261.96M,-4.10%
"Apr 19, 2018","43,2","43,74","43,85","43,16",139.24M,-2.83%
"Apr 18, 2018","44,46","44,45","44,7","44,22",83.02M,-0.22%
"Apr 17, 2018","44,56","44,12","44,73","44,1",106.42M,1.39%
"Apr 16, 2018","43,95","43,76","44,05","43,71",86.31M,0.62%
"Apr 13, 2018","43,68","43,7","43,96","43,46",100.50M,0.34%
"Apr 12, 2018","43,53","43,35","43,75","43,26",91.56M,0.97%
"Apr 11, 2018","43,11","43,06","43,48","42,92",89.73M,-0.46%
"Apr 10, 2018","43,31","43,25","43,5","42,88",114.46M,1.88%
"Apr 09, 2018","42,51","42,47","43,27","42,46",116.07M,1.00%
"Apr 06, 2018","42,09","42,74","43,12","42,05",140.02M,-2.57%
"Apr 05, 2018","43,2","43,15","43,56","43,02",107.73M,0.70%
"Apr 04, 2018","42,9","41,22",43,"41,19",138.42M,1.90%
"Apr 03, 2018","42,1","41,91","42,19","41,22",121.11M,1.03%
"Apr 02, 2018","41,67","41,97","42,23","41,12",150.35M,-0.67%
"Mar 29, 2018","41,95","41,95","42,94","41,73",153.59M,0.79%
"Mar 28, 2018","41,62","41,81","42,51","41,3",166.67M,-1.12%
"Mar 27, 2018","42,09","43,42","43,79","41,73",163.69M,-2.55%
"Mar 26, 2018","43,19","42,02","43,27","41,61",150.16M,4.75%
"Mar 23, 2018","41,23","42,1","42,48","41,23",164.12M,-2.32%
"Mar 22, 2018","42,21","42,5","43,17","42,15",165.96M,-1.42%
"Mar 21, 2018","42,82","43,76","43,77","42,81",148.22M,-2.26%
"Mar 20, 2018","43,81","43,81","44,2","43,73",78.60M,-0.05%
"Mar 19, 2018","43,83","44,33","44,37","43,41",133.79M,-1.53%
"Mar 16, 2018","44,51","44,66","44,78","44,41",157.62M,-0.34%
"Mar 15, 2018","44,66","44,62","45,06","44,52",90.98M,0.11%
"Mar 14, 2018","44,61","45,08","45,13","44,45",117.47M,-0.84%
"Mar 13, 2018","44,99","45,65","45,88","44,81",126.77M,-0.97%
"Mar 12, 2018","45,43","45,07","45,6","45,05",128.83M,0.98%
"Mar 09, 2018","44,99","44,49",45,"44,35",128.74M,1.72%
"Mar 08, 2018","44,23","43,87","44,28","43,77",95.10M,1.07%
"Mar 07, 2018","43,76","43,73","43,96","43,57",126.81M,-0.93%
"Mar 06, 2018","44,17","44,48","44,56","44,03",95.15M,-0.07%
"Mar 05, 2018","44,2","43,8","44,44","43,63",113.61M,0.34%
"Mar 02, 2018","44,05","43,2","44,08","43,11",153.82M,0.69%
"Mar 01, 2018","43,75","44,63","44,94","43,16",195.21M,-1.75%
"Feb 28, 2018","44,53","44,81","45,15","44,51",151.13M,-0.16%
"Feb 27, 2018","44,6","44,77","45,12","44,54",155.71M,-0.31%
"Feb 26, 2018","44,74","44,09","44,85","44,05",152.65M,1.96%
"Feb 23, 2018","43,88","43,42","43,91","43,38",135.25M,1.76%
"Feb 22, 2018","43,12","42,95","43,49","42,93",123.97M,0.82%
"Feb 21, 2018","42,77","43,21","43,53","42,75",149.89M,-0.44%
"Feb 20, 2018","42,96","43,01","43,56","42,85",135.72M,-0.35%
"Feb 16, 2018","43,11","43,09","43,7","42,94",160.70M,-0.32%
"Feb 15, 2018","43,25","42,45","43,27","42,25",204.59M,3.37%
"Feb 14, 2018","41,84","40,76","41,88","40,72",162.58M,1.83%
"Feb 13, 2018","41,09","40,49","41,19","40,41",130.20M,1.01%
"Feb 12, 2018","40,68","39,62","40,97","39,38",243.28M,4.04%
